"providerId","providerName","coverageType","coverageTargets","listingStatus","licenseOrCertificationNotes","officialApprovalSourceUrl","phone","email","siteUrl","listingSource","pageLabel","lastReviewed"
"anaheim-accurate-backflow","Accurate Backflow Testing & Valve Repair","utility","anaheim-water","PUBLIC","Official Anaheim approved tester entry pulled from the city cross-connection program.","https://www.anaheim.net/769/Cross-Connection-Control","714-969-9944","","","DIRECTORY","Officially listed on Anaheim's approved tester page.","2026-04-05"
"anaheim-goldstar-plumbing","Goldstar Plumbing","utility","anaheim-water","PUBLIC","Official Anaheim approved tester entry pulled from the city cross-connection program.","https://www.anaheim.net/769/Cross-Connection-Control","714-630-6407","","","DIRECTORY","Officially listed on Anaheim's approved tester page.","2026-04-05"
"arlington-cross-connection","Arlington Cross Connection Team","utility","arlington-water","HOLD","Independent directory listing for annual testing and failed-test routing","","817-555-0117","quotes@arlingtoncct.example","https://arlingtoncct.example","DIRECT_SITE","Non-official directory listing for Arlington utility coverage","2026-04-04"
"austin-1st-home-commercial-services","1ST HOME & COMMERCIAL SERVICES","utility","austin-water","PUBLIC","Official Austin Water WEIRS employer list entry for backflow prevention assembly testers; the City says the list is provided as a convenience only.","https://services.austintexas.gov/water/weirs/index.cfm?fuseaction=report.publicWSCTechEmployer&tt=1","512-282-7787","","","DIRECTORY","Officially listed on Austin Water's public WEIRS technician employer list.","2026-04-05"
"austin-5f-mechanical","5F MECHANICAL","utility","austin-water","PUBLIC","Official Austin Water WEIRS employer list entry for backflow prevention assembly testers; the City says the list is provided as a convenience only.","https://services.austintexas.gov/water/weirs/index.cfm?fuseaction=report.publicWSCTechEmployer&tt=1","512-251-6880","","","DIRECTORY","Officially listed on Austin Water's public WEIRS technician employer list.","2026-04-05"
"austin-watercrest-backflow","WATERCREST BACKFLOW","utility","austin-water","PUBLIC","Official Austin Water WEIRS employer list entry for backflow prevention assembly testers; the City says the list is provided as a convenience only.","https://services.austintexas.gov/water/weirs/index.cfm?fuseaction=report.publicWSCTechEmployer&tt=1","512-589-3590","","","DIRECTORY","Officially listed on Austin Water's public WEIRS technician employer list.","2026-04-05"
"arvada-jm","J AND M BACKFLOW TESTING, LLC","utility","arvada-water","PUBLIC","Official Arvada certified backflow tester entry","https://www.arvadaco.gov/DocumentCenter/View/494/Backflow-Testing-Companies-PDF","970-576-2597","","","DIRECTORY","Officially listed on the Arvada tester PDF","2026-04-05"
"arvada-lakewood","LAKEWOOD PLUMBING & HEATING LLC","utility","arvada-water","PUBLIC","Official Arvada certified backflow tester entry","https://www.arvadaco.gov/DocumentCenter/View/494/Backflow-Testing-Companies-PDF","303-233-7007","","","DIRECTORY","Officially listed on the Arvada tester PDF","2026-04-05"
"arvada-pros","#1 BACKFLOW PROS","utility","arvada-water","PUBLIC","Official Arvada certified backflow tester entry","https://www.arvadaco.gov/DocumentCenter/View/494/Backflow-Testing-Companies-PDF","720-693-4587","","","DIRECTORY","Officially listed on the Arvada tester PDF","2026-04-05"
"aspen-atlas-backflow","Atlas Backflow","utility","aspen-water","PUBLIC","Official Aspen certified tester list entry.","https://www.aspen.gov/DocumentCenter/View/8018/2025-City-of-Aspen-Backflow-Flyer-and-Tester-List--PDF","970-274-1402","","","DIRECTORY","Officially listed on Aspen's certified tester PDF.","2026-04-05"
"aspen-booth-plumbing","Booth Plumbing & Backflow Services","utility","aspen-water","PUBLIC","Official Aspen certified tester list entry.","https://www.aspen.gov/DocumentCenter/View/8018/2025-City-of-Aspen-Backflow-Flyer-and-Tester-List--PDF","970-379-4492","","","DIRECTORY","Officially listed on Aspen's certified tester PDF.","2026-04-05"
"avondale-affordable-fire","Affordable Fire & Safety LLC","utility","avondale-water","PUBLIC","Official Avondale approved tester entry","https://www.avondaleaz.gov/home/showpublisheddocument/9038/638254490100330000","480-507-2850","","","DIRECTORY","Officially listed on the Avondale approved tester PDF","2026-04-05"
"avondale-backflow-device","Backflow Prevention Device Inc","utility","avondale-water|glendale-water","PUBLIC","Official tester listed by both Avondale and Glendale; this profile covers the shared West Valley footprint.","https://www.glendaleaz.com/UserFiles/Servers/Server_15209001/File/Departments/Water%20Services/Cross%20Connection%20Control/Backflow%20Tester%20List%205-5-2025.pdf","602-788-5411","","","DIRECTORY","Officially listed on Avondale and Glendale tester rosters for the West Valley cluster.","2026-04-05"
"castle-rock-baker","Baker Backflow Testing","utility","castle-rock-water","PUBLIC","Official Castle Rock certified backflow tester entry","https://www.crgov.com/DocumentCenter/View/29057/Backflow-Tester-List-2024-CL-PDF","970-497-6322","","","DIRECTORY","Officially listed on the Castle Rock tester PDF","2026-04-05"
"castle-rock-dougs","Doug's Backflow","utility","castle-rock-water","PUBLIC","Official Castle Rock certified backflow tester entry","https://www.crgov.com/DocumentCenter/View/29057/Backflow-Tester-List-2024-CL-PDF","303-249-6423","","","DIRECTORY","Officially listed on the Castle Rock tester PDF","2026-04-05"
"castle-rock-kaizen","Kaizen Backflow LLC","utility","castle-rock-water","PUBLIC","Official Castle Rock certified backflow tester entry","https://www.crgov.com/DocumentCenter/View/29057/Backflow-Tester-List-2024-CL-PDF","720-403-0876","","","DIRECTORY","Officially listed on the Castle Rock tester PDF","2026-04-05"
"chandler-4-peaks","4 Peaks Fire Protection","utility","chandler-water","PUBLIC","Official Chandler approved testing company entry","https://www.chandleraz.gov/residents/water/water-quality/backflow-testing-companies","480-284-0468","","","DIRECTORY","Officially listed on the Chandler approved companies page","2026-04-05"
"chandler-aaa-backflow","AAA Backflow Testing & Repair LLC","utility","chandler-water","PUBLIC","Official Chandler approved testing company entry","https://www.chandleraz.gov/residents/water/water-quality/backflow-testing-companies","480-837-8206","","","DIRECTORY","Officially listed on the Chandler approved companies page","2026-04-05"
"chandler-american-backflow","American Backflow and Fire Prevention, Inc.","utility","chandler-water|mesa-water|scottsdale-water","PUBLIC","Official tester listed by Chandler and Mesa and also present on Scottsdale's utility tester roster.","https://www.scottsdaleaz.gov/docs/default-source/scottsdaleaz/water/water-operations/backflow-testers.pdf?sfvrsn=debc7310_5","480-630-1610","","","DIRECTORY","Officially listed across multiple Phoenix-area utility tester lists.","2026-04-05"
"cs-aaron-stuart","Aaron Stuart","utility","college-station-water","PUBLIC","Official College Station registered general tester","https://www.cstx.gov/media/1hzno1mm/backflowpreventionassemblytesterlist.pdf","979-587-1844","","","DIRECTORY","Officially listed on the City of College Station tester PDF","2026-04-04"
"cs-all-services","All Services Irrigation & Backflow","utility","college-station-water","PUBLIC","Official College Station registered general tester","https://www.cstx.gov/media/1hzno1mm/backflowpreventionassemblytesterlist.pdf","979-676-3067","","","DIRECTORY","Officially listed on the City of College Station tester PDF","2026-04-04"
"cs-american-fire","American Fire Protection Group Inc","utility","college-station-water","PUBLIC","Official College Station registered fireline and general tester","https://www.cstx.gov/media/1hzno1mm/backflowpreventionassemblytesterlist.pdf","979-690-0301","","","DIRECTORY","Officially listed on the City of College Station tester PDF","2026-04-04"
"cs-aqua-group","Aqua Backflow Group LLC","utility","college-station-water","PUBLIC","Official College Station registered general tester","https://www.cstx.gov/media/1hzno1mm/backflowpreventionassemblytesterlist.pdf","979-485-0100","","","DIRECTORY","Officially listed on the City of College Station tester PDF","2026-04-04"
"cs-backflow-testing-repair","Backflow Testing & Repair","utility","college-station-water","PUBLIC","Official College Station registered general tester","https://www.cstx.gov/media/1hzno1mm/backflowpreventionassemblytesterlist.pdf","979-215-1169","","","DIRECTORY","Officially listed on the City of College Station tester PDF","2026-04-04"
"cs-bulldog-backflow","Bulldog Backflow","utility","college-station-water","PUBLIC","Official College Station registered general tester","https://www.cstx.gov/media/1hzno1mm/backflowpreventionassemblytesterlist.pdf","979-324-3381","","","DIRECTORY","Officially listed on the City of College Station tester PDF","2026-04-04"
"cs-central-texas","Central Texas Backflow","utility","college-station-water","PUBLIC","Official College Station registered general tester","https://www.cstx.gov/media/1hzno1mm/backflowpreventionassemblytesterlist.pdf","979-530-5300","","","DIRECTORY","Officially listed on the City of College Station tester PDF","2026-04-04"
"fort-collins-backflow-service","Fort Collins Backflow Service","utility","fort-collins-utilities","PUBLIC","Official Fort Collins certified backflow tester entry.","https://www.fcgov.com/utilities/backflow-testers","970-420-3782","fcbackflow@gmail.com","","DIRECTORY","Officially listed on the Fort Collins certified tester page.","2026-04-05"
"garland-backflow-preventer-test","Backflow Preventer Test","utility","garland-water","PUBLIC","Official Garland backflow tester listed by Garland Water Utilities","https://www.garlandtx.gov/DocumentCenter/View/2623/List-of-Backflow-Testers-PDF","817-705-0237","","","DIRECTORY","Officially listed on the Garland tester PDF","2026-04-04"
"garland-polk-mechanical","Polk Mechanical","utility","garland-water","PUBLIC","Official Garland backflow tester listed by Garland Water Utilities","https://www.garlandtx.gov/DocumentCenter/View/2623/List-of-Backflow-Testers-PDF","214-470-7737","","","DIRECTORY","Officially listed on the Garland tester PDF","2026-04-04"
"garland-quality-fire","Quality Automatic Fire Protection","utility","garland-water","PUBLIC","Official Garland backflow tester listed by Garland Water Utilities","https://www.garlandtx.gov/DocumentCenter/View/2623/List-of-Backflow-Testers-PDF","972-285-3200","","","DIRECTORY","Officially listed on the Garland tester PDF","2026-04-04"
"garland-ro-teck","Ro-Teck Backflow","utility","garland-water","PUBLIC","Official Garland backflow tester listed by Garland Water Utilities","https://www.garlandtx.gov/DocumentCenter/View/2623/List-of-Backflow-Testers-PDF","214-663-1547","","","DIRECTORY","Officially listed on the Garland tester PDF","2026-04-04"
"glendale-ap-fire","A P Fire Protection LLC","utility","glendale-water","PUBLIC","Official Glendale tester list entry","https://www.glendaleaz.com/UserFiles/Servers/Server_15209001/File/Departments/Water%20Services/Cross%20Connection%20Control/Backflow%20Tester%20List%205-5-2025.pdf","623-772-5344","","","DIRECTORY","Officially listed on the Glendale tester PDF","2026-04-05"
"glendale-dust-devil","Dust Devil Plumbing Inc","utility","glendale-water","PUBLIC","Official Glendale tester list entry","https://www.glendaleaz.com/UserFiles/Servers/Server_15209001/File/Departments/Water%20Services/Cross%20Connection%20Control/Backflow%20Tester%20List%205-5-2025.pdf","602-618-4043","","","DIRECTORY","Officially listed on the Glendale tester PDF","2026-04-05"
"greeley-troudt-plumbing","#1 Backflow by Troudt Plumbing","utility","greeley-water","PUBLIC","Official Greeley certified backflow tester entry.","https://greeleygov.com/docs/default-source/water/certified-backflow-testers.pdf","970-371-1569","TroudtPlumbing@yahoo.com","","DIRECTORY","Officially listed on the Greeley certified tester PDF.","2026-04-05"
"gptx-backflow-services","Grand Prairie Backflow Services","utility","gptx-water","HOLD","Commercial and irrigation backflow testing plus repair scheduling","https://www.gptx.org/government/city-departments/public-health-environmental-quality/cross-connection-control-prevention","972-555-0141","dispatch@gptxbackflow.example","https://gptxbackflow.example","DIRECT_SITE","Featured annual testing and repair listing","2026-04-04"
"irwd-american-backflow-services","American Backflow Services","utility","irwd-backflow","PUBLIC","Official IRWD backflow tester list entry from the district's convenience roster.","https://www.irwd.com/images/pdf/services/Backflow/IRWD_BACKFLOW_TESTER_LIST_9_25_25.pdf","714-875-3418","americanbackflowservices@aol.com","","DIRECTORY","Officially listed on IRWD's tester PDF.","2026-04-05"
"jea-bobs-backflow","Bob's Backflow & Plumbing Services","utility","jea-water","PUBLIC","Official JEA qualified backflow tester entry","https://www.jea.com/backflowvendors/","904-268-8009","","","DIRECTORY","Officially listed on the JEA qualified provider page","2026-04-05"
"jea-dolphin","Dolphin Backflow Prevention","utility","jea-water","PUBLIC","Official JEA qualified backflow tester entry","https://www.jea.com/backflowvendors/","904-269-5489","","","DIRECTORY","Officially listed on the JEA qualified provider page","2026-04-05"
"jea-fire-sprinkler","Fire Sprinkler Services","utility","jea-water","PUBLIC","Official JEA qualified backflow tester entry","https://www.jea.com/backflowvendors/","904-743-3220","","","DIRECTORY","Officially listed on the JEA qualified provider page","2026-04-05"
"marana-accurate","Accurate Backflow Testing & Repair","utility","marana-water","PUBLIC","Official Marana approved tester entry","https://www.maranaaz.gov/files/assets/cityofmarana/v/1/water/documents/approved-bf-tester-list-08.14.2024.pdf","520-742-0750","accuratebackflow@msn.com","","DIRECTORY","Officially listed on the Marana approved tester PDF","2026-04-05"
"marana-az-certified","Arizona Certified Testing","utility","marana-water","PUBLIC","Official Marana approved tester entry","https://www.maranaaz.gov/files/assets/cityofmarana/v/1/water/documents/approved-bf-tester-list-08.14.2024.pdf","520-378-6037","azcertifiedtesting@gmail.com","","DIRECTORY","Officially listed on the Marana approved tester PDF","2026-04-05"
"manatee-accurate-backflow-testing-pros","ACCURATE BACKFLOW TESTING PROS INC","utility","manatee-county-utilities","PUBLIC","Official Manatee County certified potable tester entry.","https://www.mymanatee.org/media/docs/default-source/utilities-documents/backflow-division-documents/potable-testers-1-1.pdf","941-518-6030","","","DIRECTORY","Officially listed on the Manatee County potable testers PDF.","2026-04-05"
"manatee-all-clear-backflow-services","ALL CLEAR BACKFLOW SERVICES","utility","manatee-county-utilities","PUBLIC","Official Manatee County certified potable tester entry.","https://www.mymanatee.org/media/docs/default-source/utilities-documents/backflow-division-documents/potable-testers-1-1.pdf","941-479-0850","","","DIRECTORY","Officially listed on the Manatee County potable testers PDF.","2026-04-05"
"manatee-green-coast-backflows","GREEN COAST BACKFLOWS, INC","utility","manatee-county-utilities","PUBLIC","Official Manatee County certified potable tester entry.","https://www.mymanatee.org/media/docs/default-source/utilities-documents/backflow-division-documents/potable-testers-1-1.pdf","941-310-2037","","","DIRECTORY","Officially listed on the Manatee County potable testers PDF.","2026-04-05"
"mesa-next-protection","Next Protection","utility","mesa-water","PUBLIC","Official Mesa tester list entry","https://www.mesaaz.gov/files/assets/public/v/1/utilities/water/backflow/backflow-general-tester-list.pdf","480-612-6600","","","DIRECTORY","Officially listed on the Mesa tester PDF","2026-04-04"
"mesquite-all-test","All Test Service Solutions","utility","mesquite-water","PUBLIC","Official Mesquite registered tester entry labeled as a fire line tester","https://www.cityofmesquite.com/DocumentCenter/View/196/View-the-Backflow-Testers-List","817-379-0856","","","DIRECTORY","Officially listed on the Mesquite tester PDF","2026-04-04"
"mesquite-american-fire-rikki","American Fire Protection Group","utility","mesquite-water","PUBLIC","Official Mesquite registered tester entry labeled as a fire line tester","https://www.cityofmesquite.com/DocumentCenter/View/196/View-the-Backflow-Testers-List","214-349-2221","","","DIRECTORY","Officially listed on the Mesquite tester PDF","2026-04-04"
"mesquite-brooks-irrigation","Brooks Irrigation & Backflow","utility","mesquite-water","PUBLIC","Official Mesquite registered tester for irrigation and general assemblies","https://www.cityofmesquite.com/DocumentCenter/View/196/View-the-Backflow-Testers-List","817-475-8175","","","DIRECTORY","Officially listed on the Mesquite tester PDF","2026-04-04"
"mesquite-h2o-backflow","H2O Backflow Services","utility","mesquite-water","PUBLIC","Official Mesquite registered tester for general assemblies","https://www.cityofmesquite.com/DocumentCenter/View/196/View-the-Backflow-Testers-List","214-415-6551","","","DIRECTORY","Officially listed on the Mesquite tester PDF","2026-04-04"
"metro-fire-flow","Metro Fire Flow Utility Testing","utility","gptx-water","HOLD","Fire-line and campus assembly retest support","https://www.gptx.org/government/city-departments/public-health-environmental-quality/cross-connection-control-prevention","972-555-0179","ops@metrofireflow.example","https://metrofireflow.example","DIRECTORY","Directory listing for larger commercial sites","2026-04-04"
"modesto-aldrich-backflow","Aldrich Backflow Services","utility","modesto-water","PUBLIC","Official Modesto certified tester directory entry.","https://www.modestogov.com/BusinessDirectoryII.aspx?lngBusinessCategoryID=38","209-596-2805","aldrichbackflow@gmail.com","","DIRECTORY","Officially listed in Modesto's certified tester directory.","2026-04-05"
"modesto-backflow-prevention-specialists","Backflow Prevention Specialists, Inc.","utility","modesto-water","PUBLIC","Official Modesto certified tester directory entry.","https://www.modestogov.com/BusinessDirectoryII.aspx?lngBusinessCategoryID=38","800-464-3569","service@backflow-prevention.com","","DIRECTORY","Officially listed in Modesto's certified tester directory.","2026-04-05"
"modesto-cnc-backflow","C&C Backflow","utility","modesto-water","PUBLIC","Official Modesto certified tester directory entry.","https://www.modestogov.com/BusinessDirectoryII.aspx?lngBusinessCategoryID=38","209-695-8136","","","DIRECTORY","Officially listed in Modesto's certified tester directory.","2026-04-05"
"noco-1-backflow-pros","#1 Backflow Pros","utility","fort-collins-utilities|greeley-water","PUBLIC","Official tester listed on Greeley's certified tester PDF and Fort Collins' certified tester page for the Northern Colorado corridor.","https://greeleygov.com/docs/default-source/water/certified-backflow-testers.pdf","970-658-1170","robyn.1backflowpros@outlook.com","","DIRECTORY","Officially listed across Greeley and Fort Collins tester rosters.","2026-04-05"
"noco-ajs-backflow-testing","AJ's Backflow Testing","utility","fort-collins-utilities|greeley-water","PUBLIC","Official tester listed on Greeley's certified tester PDF and Fort Collins' certified tester page for the Northern Colorado corridor.","https://greeleygov.com/docs/default-source/water/certified-backflow-testers.pdf","970-352-3090","ajsbft@earthlink.net","","DIRECTORY","Officially listed across Greeley and Fort Collins tester rosters.","2026-04-05"
"one-flow-backflow-inc","One Flow Backflow Inc.","utility","irwd-backflow|san-diego-water","PUBLIC","Official tester listed on IRWD's district roster and on San Diego's approved tester list.","https://www.sandiego.gov/sites/default/files/backflowtesters.pdf","714-852-1213","service@oneflowbackflow.com","","DIRECTORY","Southern California tester profile grounded in IRWD and San Diego rosters.","2026-04-05"
"pasadena-arroyo-plumbing","Arroyo Plumbing","utility","pasadena-water","PUBLIC","Los Angeles County certified tester directory entry used for Pasadena routing.","https://publichealth.lacounty.gov/eh/docs/permit/certified-backflow-prevention-device-testers_contact.pdf","626-446-5117","info@arroyoplumbing.com","","DIRECTORY","County-certified tester directory entry used for Pasadena's find-a-tester route.","2026-04-05"
"pasadena-bavco","BAVCO","utility","pasadena-water|irwd-backflow|san-diego-water","PUBLIC","County-certified tester directory entry used for Pasadena routing and also listed on IRWD and San Diego official tester rosters.","https://www.irwd.com/images/pdf/services/Backflow/IRWD_BACKFLOW_TESTER_LIST_9_25_25.pdf","800-458-3492","service@bavco.com","https://www.bavco.com","DIRECTORY","Southern California tester profile grounded in county-certified and utility-published rosters.","2026-04-05"
"pasadena-gene-pira","Gene Pira Inc.","utility","pasadena-water","PUBLIC","Los Angeles County certified tester directory entry used for Pasadena routing.","https://publichealth.lacounty.gov/eh/docs/permit/certified-backflow-prevention-device-testers_contact.pdf","818-342-4744","gene@piratester.com","","DIRECTORY","County-certified tester directory entry used for Pasadena's find-a-tester route.","2026-04-05"
"patterson-premier-backflow","Premier Backflow & Plumbing","utility","patterson-water","PUBLIC","Official Patterson approved outside tester entry.","https://www.pattersonca.gov/681/Backflow-Prevention-Device-Annual-Test-P","209-597-1276","","","DIRECTORY","Officially listed on Patterson's approved outside tester table.","2026-04-05"
"patterson-same-day-backflow","Same Day Backflow","utility","patterson-water","PUBLIC","Official Patterson approved outside tester entry.","https://www.pattersonca.gov/681/Backflow-Prevention-Device-Annual-Test-P","209-986-3569","","","DIRECTORY","Officially listed on Patterson's approved outside tester table.","2026-04-05"
"phoenix-air-water","Air & Water Factor","utility","phoenix-water|mesa-water|avondale-water","PUBLIC","Official tester listed by Phoenix and also carried on Mesa and Avondale utility rosters for the metro cluster.","https://www.phoenix.gov/content/dam/phoenix/pddsite/documents/trt/external/dsd_trt_pdf_00937.pdf","480-706-3333","","","DIRECTORY","Officially listed across multiple Phoenix-metro utility tester lists.","2026-04-05"
"phoenix-guardian","Guardian Industries LLC","utility","phoenix-water","PUBLIC","Official Phoenix tester list entry","https://www.phoenix.gov/content/dam/phoenix/pddsite/documents/trt/external/dsd_trt_pdf_00937.pdf","602-781-9913","","","DIRECTORY","Officially listed on the Phoenix tester PDF","2026-04-04"
"phoenix-western-backflow","Western Backflow Testing LLC","utility","phoenix-water|scottsdale-water","PUBLIC","Official tester listed by Phoenix and also present on Scottsdale's quarterly tester roster.","https://www.scottsdaleaz.gov/docs/default-source/scottsdaleaz/water/water-operations/backflow-testers.pdf?sfvrsn=debc7310_5","480-628-9724","","","DIRECTORY","Officially listed on Phoenix and Scottsdale tester lists.","2026-04-05"
"prescott-arizona-backflow-care","Arizona Backflow Care LLC","utility","prescott-water|prescott-valley-water","PUBLIC","Listed on Prescott's approved tester roster and Prescott Valley's public tester handout for the same regional footprint.","https://prescott-az.gov/wp-content/uploads/2025/10/WAT-List_of_Approved_Backflow_Prevention_Assembly_Testers-20251007.pdf","","","","DIRECTORY","Prescott-area tester profile grounded in public utility rosters.","2026-04-05"
"prescott-bw-fire-security","B&W Fire Security Systems","utility","prescott-water|prescott-valley-water","PUBLIC","Listed on Prescott's approved tester roster and Prescott Valley's public tester handout for the same regional footprint.","https://prescott-az.gov/wp-content/uploads/2025/10/WAT-List_of_Approved_Backflow_Prevention_Assembly_Testers-20251007.pdf","","","","DIRECTORY","Prescott-area tester profile grounded in public utility rosters.","2026-04-05"
"prescott-jr-holmes","JR Holmes Backflow Prevention","utility","prescott-water|scottsdale-water","PUBLIC","Official Prescott approved tester entry and also present on Scottsdale's utility tester list.","https://www.scottsdaleaz.gov/docs/default-source/scottsdaleaz/water/water-operations/backflow-testers.pdf?sfvrsn=debc7310_5","","","","DIRECTORY","Arizona tester profile grounded in Prescott and Scottsdale utility rosters.","2026-04-05"
"prescott-valley-service-1st","Service 1st Fire Protection","utility","prescott-valley-water","PUBLIC","Publicly listed in Prescott Valley's certified tester handout; the Town says the list is not an endorsement.","https://cms1files.revize.com/prescottvalleyaz/Documents/Departments/Utilities/Customer%20Accounts/Forms/Certified%20Backflow%20testers.pdf","","","","DIRECTORY","Listed in Prescott Valley's certified tester handout for the directory-only route.","2026-04-05"
"riverside-hovey-rooter","Hovey Rooter Service","utility","riverside-water","PUBLIC","Official Riverside approved backflow tester entry","https://www.riversideca.gov/utilities/sites/riversideca.gov.utilities/files/RPU%20Approved%20Backflow%20Tester%20List%206.3.25.pdf","951-367-7201","","","DIRECTORY","Officially listed on the Riverside approved tester PDF","2026-04-05"
"riverside-ramon-cabrera","Ramon Cabrera","utility","riverside-water","PUBLIC","Official Riverside approved backflow tester entry","https://www.riversideca.gov/utilities/sites/riversideca.gov.utilities/files/RPU%20Approved%20Backflow%20Tester%20List%206.3.25.pdf","951-707-8429","","","DIRECTORY","Officially listed on the Riverside approved tester PDF","2026-04-05"
"rr-1st-fp","1st FP Services","utility","round-rock-water","PUBLIC","Official Round Rock registered tester for residential commercial and fire assemblies","https://www.roundrocktexas.gov/wp-content/uploads/2023/05/List-of-Registered-Testers-5.10.23.pdf","512-956-3215","nick@1stpservices.com","","DIRECTORY","Officially listed on the City of Round Rock tester PDF","2026-04-04"
"rr-aaa-backflow","AAA Backflow Testing","utility","round-rock-water","PUBLIC","Official Round Rock registered tester for residential commercial and fire assemblies","https://www.roundrocktexas.gov/wp-content/uploads/2023/05/List-of-Registered-Testers-5.10.23.pdf","512-997-6000","jr@aaabackflowtx.com","","DIRECTORY","Officially listed on the City of Round Rock tester PDF","2026-04-04"
"rr-all-star","All-Star Inspections","utility","round-rock-water","PUBLIC","Official Round Rock registered tester for residential commercial and fire assemblies","https://www.roundrocktexas.gov/wp-content/uploads/2023/05/List-of-Registered-Testers-5.10.23.pdf","512-296-6263","Backflow@All-StarTexas.com","","DIRECTORY","Officially listed on the City of Round Rock tester PDF","2026-04-04"
"rr-bluebonnet","Bluebonnet Backflow","utility","round-rock-water","PUBLIC","Official Round Rock registered tester for residential and commercial assemblies","https://www.roundrocktexas.gov/wp-content/uploads/2023/05/List-of-Registered-Testers-5.10.23.pdf","512-835-2211","office@bluebonnetbackflow.com","","DIRECTORY","Officially listed on the City of Round Rock tester PDF","2026-04-04"
"rr-protech","ProTech Services","utility","round-rock-water","PUBLIC","Official Round Rock registered tester for residential commercial and fire assemblies","https://www.roundrocktexas.gov/wp-content/uploads/2023/05/List-of-Registered-Testers-5.10.23.pdf","512-968-1333","Info@protechtexas.com","","DIRECTORY","Officially listed on the City of Round Rock tester PDF","2026-04-04"
"rr-smart-earth","Smart Earth Backflow Testing","utility","round-rock-water","PUBLIC","Official Round Rock registered tester for residential and commercial assemblies","https://www.roundrocktexas.gov/wp-content/uploads/2023/05/List-of-Registered-Testers-5.10.23.pdf","512-694-1147","SmartEarthOffice@gmail.com","","DIRECTORY","Officially listed on the City of Round Rock tester PDF","2026-04-04"
"sacramento-aaa-backflow","AAA Backflow Prevention, Inc.","utility","sacramento-water","PUBLIC","Official Sacramento approved tester entry","https://www.cityofsacramento.gov/content/dam/portal/dou/utilities/water/documents/Backflow%20Tester%20List.pdf","","","","DIRECTORY","Officially listed on the Sacramento tester PDF","2026-04-05"
"sacramento-ameszee","Ameszee Test","utility","sacramento-water","PUBLIC","Official Sacramento County tester registry entry","https://emd.saccounty.gov/EC/Documents/testers-list.pdf","916-790-7112","ameszee@sbcglobal.net","","DIRECTORY","Officially listed on the Sacramento County tester PDF","2026-04-05"
"sacramento-perkins","Perkins Backflow Testing","utility","sacramento-water","PUBLIC","Official Sacramento approved tester entry","https://www.cityofsacramento.gov/content/dam/portal/dou/utilities/water/documents/Backflow%20Tester%20List.pdf","916-364-8245","t1perkins@comcast.net","","DIRECTORY","Officially listed on the Sacramento tester PDF","2026-04-05"
"san-diego-backflow-testing","San Diego Backflow Testing","utility","san-diego-water","PUBLIC","Official City of San Diego approved tester entry from the 2026 tester list.","https://www.sandiego.gov/sites/default/files/backflowtesters.pdf","877-363-8378","","","DIRECTORY","Officially listed on San Diego's approved tester PDF.","2026-04-05"
"san-diego-bernard-clarke","Bernard Clarke","utility","san-diego-water","PUBLIC","Official San Diego approved tester entry","https://www.sandiego.gov/sites/default/files/backflowtesters.pdf","661-294-0901","","","DIRECTORY","Officially listed on the San Diego tester PDF","2026-04-04"
"san-diego-cal-oso","Cal-Oso Backflow Services","utility","san-diego-water","PUBLIC","Official City of San Diego approved tester entry from the 2026 tester list.","https://www.sandiego.gov/sites/default/files/backflowtesters.pdf","951-434-4756","","","DIRECTORY","Officially listed on San Diego's approved tester PDF.","2026-04-05"
"santa-rosa-abp-backflow","ABP Backflow Inc.","utility","santa-rosa-water","PUBLIC","Official Santa Rosa authorized tester entry","https://www.srcity.org/DocumentCenter/View/45218/Certified-Testers-Authorized-to-Test-in-Santa-Rosa-2025-PDF","888-356-7761","service@abpbackflow.com","","DIRECTORY","Officially listed on Santa Rosa's authorized tester PDF.","2026-04-05"
"santa-rosa-checkrite","Checkrite Backflow Services","utility","santa-rosa-water","PUBLIC","Official Santa Rosa authorized tester entry","https://www.srcity.org/DocumentCenter/View/45218/Certified-Testers-Authorized-to-Test-in-Santa-Rosa-2025-PDF","707-575-5296","","","DIRECTORY","Officially listed on Santa Rosa's authorized tester PDF.","2026-04-05"
"santa-rosa-jv-plumbing","JV Plumbing & Backflow","utility","santa-rosa-water","PUBLIC","Official Santa Rosa authorized tester entry","https://www.srcity.org/DocumentCenter/View/45218/Certified-Testers-Authorized-to-Test-in-Santa-Rosa-2025-PDF","707-799-2692","","","DIRECTORY","Officially listed on Santa Rosa's authorized tester PDF.","2026-04-05"
"sarasota-advanced-plumbing","ADVANCED PLUMBING SOLUTIONS","utility","sarasota-county-utilities","PUBLIC","Official Sarasota County approved contractor entry","https://www.scgov.net/home/showpublisheddocument/72849/639008742293670000","941-284-4739","bf@testsrq.com","","DIRECTORY","Officially listed on the Sarasota County approved contractor PDF","2026-04-05"
"sarasota-aqua-plumbing","AQUA PLUMBING & AIR SERVICES","utility","sarasota-county-utilities","PUBLIC","Official Sarasota County approved contractor entry","https://www.scgov.net/home/showpublisheddocument/72849/639008742293670000","941-366-7676","plumbing@aquaplumbing.com","","DIRECTORY","Officially listed on the Sarasota County approved contractor PDF","2026-04-05"
"sarasota-dolphin-fire","DOLPHIN FIRE LLC","utility","sarasota-county-utilities","PUBLIC","Official Sarasota County approved contractor entry","https://www.scgov.net/home/showpublisheddocument/72849/639008742293670000","941-378-9493","office@dolphinfirellc.com","","DIRECTORY","Officially listed on the Sarasota County approved contractor PDF","2026-04-05"
"scottsdale-eagle-plumbing","Eagle Plumbing Services","utility","scottsdale-water","PUBLIC","Official Scottsdale utility tester entry from the quarterly business-license roster.","https://www.scottsdaleaz.gov/docs/default-source/scottsdaleaz/water/water-operations/backflow-testers.pdf?sfvrsn=debc7310_5","480-659-4942","","","DIRECTORY","Officially listed on Scottsdale's quarterly tester PDF.","2026-04-05"
"scottsdale-jaz-backflow","JAZ Backflow Prevention","utility","scottsdale-water","PUBLIC","Official Scottsdale utility tester entry from the quarterly business-license roster.","https://www.scottsdaleaz.gov/docs/default-source/scottsdaleaz/water/water-operations/backflow-testers.pdf?sfvrsn=debc7310_5","480-282-0505","","","DIRECTORY","Officially listed on Scottsdale's quarterly tester PDF.","2026-04-05"
"seminole-ace-flow-control","Ace Flow Control","utility","seminole-county-water","PUBLIC","Official Seminole County certified tester entry for domestic and fire work.","https://www.seminolecountyfl.gov/docs/default-source/pdf/ccc-vendors-0424.pdf?sfvrsn=5f15c059_1","407-574-7208","","","DIRECTORY","Officially listed on Seminole County's certified tester PDF.","2026-04-05"
"seminole-brads-backflow","Brad's Backflow Service","utility","seminole-county-water","PUBLIC","Official Seminole County certified tester entry for domestic work.","https://www.seminolecountyfl.gov/docs/default-source/pdf/ccc-vendors-0424.pdf?sfvrsn=5f15c059_1","407-832-7425","","","DIRECTORY","Officially listed on Seminole County's certified tester PDF.","2026-04-05"
"sfpuc-1-backflow","1 Backflow Plumbing","utility","sfpuc-water","PUBLIC","Official San Francisco certified backflow tester entry","https://www.sf.gov/reports--november-2023--find-certified-tester-your-backflow-assembly","415-913-8941","jtc@buildinghelp.com","https://www.1backflow.com","DIRECTORY","Officially listed on the San Francisco certified tester list","2026-04-05"
"sfpuc-415-backflow","415 Backflow Testing","utility","sfpuc-water","PUBLIC","Official San Francisco certified backflow tester entry","https://www.sf.gov/reports--november-2023--find-certified-tester-your-backflow-assembly","415-894-0060","info@415test.com","https://www.415test.com","DIRECTORY","Officially listed on the San Francisco certified tester list","2026-04-05"
"sfpuc-aa-precision","AA Precision Backflow","utility","sfpuc-water","PUBLIC","Official San Francisco certified backflow tester entry","https://www.sf.gov/reports--november-2023--find-certified-tester-your-backflow-assembly","415-517-3112","kelly@aaprecisionbackflow.com","","DIRECTORY","Officially listed on the San Francisco certified tester list","2026-04-05"
"talty-action-sprinkler","Action Sprinkler Repair","utility","talty-sud","PUBLIC","Official Talty SUD registered tester entry","https://www.taltysud.com/forms/backflowtesters.pdf","214-663-4023","","","DIRECTORY","Officially listed on the Talty SUD tester PDF","2026-04-04"
"talty-affordable-irrigation","Affordable Irrigation","utility","talty-sud","PUBLIC","Official Talty SUD registered tester entry","https://www.taltysud.com/forms/backflowtesters.pdf","972-880-4250","","","DIRECTORY","Officially listed on the Talty SUD tester PDF","2026-04-04"
"talty-kjs-backflow","KJ's Backflow Services","utility","talty-sud","PUBLIC","Official Talty SUD registered tester entry","https://www.taltysud.com/forms/backflowtesters.pdf","469-499-6975","","","DIRECTORY","Officially listed on the Talty SUD tester PDF","2026-04-04"
"talty-semper-fi","Semper Fi Backflow","utility","talty-sud","PUBLIC","Official Talty SUD registered tester entry","https://www.taltysud.com/forms/backflowtesters.pdf","972-510-8446","","","DIRECTORY","Officially listed on the Talty SUD tester PDF","2026-04-04"
"tempe-servworx","Servworx Plumbing","utility","tempe-water","PUBLIC","Official Tempe registered testing company entry","https://www.tempe.gov/home/showpublisheddocument/112159/639052888033930000","480-881-6765","frank@servworxplumbingaz.com","","DIRECTORY","Officially listed on the Tempe tester PDF","2026-04-05"
"tempe-sonoran","Sonoran Backflow Services","utility","tempe-water","PUBLIC","Official Tempe registered testing company entry","https://www.tempe.gov/home/showpublisheddocument/112159/639052888033930000","480-415-4134","stephen@sonoranbackflowservices.com","","DIRECTORY","Officially listed on the Tempe tester PDF","2026-04-05"
"tempe-summit-fire","Summit Fire Protection","utility","tempe-water","PUBLIC","Official Tempe registered testing company entry","https://www.tempe.gov/home/showpublisheddocument/112159/639052888033930000","831-239-8873","ebeckman@summitfire.com","","DIRECTORY","Officially listed on the Tempe tester PDF","2026-04-05"
"tucson-annual-backflow","#1 Annual Backflow Certification & Repair","utility","tucson-water|marana-water","PUBLIC","Official tester entry carried on both Tucson and Marana public tester lists.","https://www.maranaaz.gov/files/assets/cityofmarana/v/1/water/documents/approved-bf-tester-list-08.14.2024.pdf","520-201-8646","backflowtestingaz@gmail.com","","DIRECTORY","Officially listed across Tucson-area utility tester lists.","2026-04-05"
"tucson-backflow-testing","Tucson Backflow Testing","utility","tucson-water","PUBLIC","Official Tucson tester list entry","https://www.tucsonaz.gov/files/sharedassets/public/v/1/city-services/tucson-water/water-quality/documents/backflow_tester_list_2020_march.pdf","520-745-3962","","","DIRECTORY","Officially listed on the Tucson tester PDF","2026-04-04"
"tucson-bps","Backflow Prevention Specialties","utility","tucson-water","PUBLIC","Official Tucson tester list entry","https://www.tucsonaz.gov/files/sharedassets/public/v/1/city-services/tucson-water/water-quality/documents/backflow_tester_list_2020_march.pdf","520-792-3411","","","DIRECTORY","Officially listed on the Tucson tester PDF","2026-04-04"
"wpb-a1-teddy","A1 Teddy Feldman Plumbing Co.","utility","west-palm-beach-water","PUBLIC","Official West Palm Beach approved plumbing contractor entry","https://www.wpb.org/files/assets/city/v/1/public-utilities/documents/approved-plumbers-list.pdf","561-452-2222","","","DIRECTORY","Officially listed on the West Palm Beach approved contractors PDF","2026-04-05"
"wpb-absolute-plumbing","Absolute Plumbing Inc.","utility","west-palm-beach-water","PUBLIC","Official West Palm Beach approved plumbing contractor entry","https://www.wpb.org/files/assets/city/v/1/public-utilities/documents/approved-plumbers-list.pdf","561-841-8220","","","DIRECTORY","Officially listed on the West Palm Beach approved contractors PDF","2026-04-05"
"next-day-backflow-texas","Next Day Backflow Testing","utility","dallas-water|fort-worth-water|arlington-water|gptx-water|garland-water|mesquite-water|lewisville-water|mckinney-water|frisco-water|austin-water|round-rock-water|leander-water","HOLD","Held provider candidate sourced from the provider's own commercial site; the company markets licensed domestic irrigation and fire-line testing from a DFW base across Texas.","","214-218-6415","Israel@nextdaybackflowtesting.com","https://nextdaybackflowtesting.com/","DIRECT_SITE","Held provider candidate for DFW and Central Texas commercial backflow routing.","2026-04-05"
"aquatech-backflow-dfw","Aquatech Backflow Services","utility","arlington-water|fort-worth-water|gptx-water|dallas-water","HOLD","Held provider candidate sourced from the provider's own site; Aquatech markets irrigation backflow and repair work across Arlington Grand Prairie Dallas and Fort Worth.","","817-608-6304","","https://www.dfwbackflowtesting.com/","DIRECT_SITE","Held provider candidate for Arlington and the wider DFW utility cluster.","2026-04-05"
"anybackflow-phoenix","AnyBackFlow.com Inc.","utility","phoenix-water|mesa-water|chandler-water|scottsdale-water|tempe-water|glendale-water|avondale-water","HOLD","Held provider candidate sourced from the provider's own site; AnyBackFlow markets domestic irrigation fire-system and temporary-connection testing across the greater Phoenix metro.","","602-228-2923","info@anybackflow.com","https://www.anybackflow.com/","DIRECT_SITE","Held provider candidate for the Phoenix metro commercial and fire-line cluster.","2026-04-05"
"arizona-certified-backflow-tucson","Arizona Certified Backflow Testers LLC","utility","tucson-water|marana-water","HOLD","Held provider candidate sourced from the provider's own site; Arizona Certified Backflow Testers focuses on Tucson-area compliance testing repair and reclaimed-water inspections.","","520-721-2881","backflowmasters@yahoo.com","https://www.backflowmasters.com/","DIRECT_SITE","Held provider candidate for the Tucson and Marana utility cluster.","2026-04-05"
"ledoux-backflow-sacramento","LeDoux Backflow Testing Services Inc.","utility","sacramento-water|sswd-water|roseville-water","HOLD","Held provider candidate sourced from the provider's own site; LeDoux markets annual testing repair installation and compliance filing across Sacramento and nearby Placer County cities.","","916-826-8202","","https://www.ledouxbackflow.com/","DIRECT_SITE","Held provider candidate for Sacramento and nearby Northern California utility routes.","2026-04-05"
"southern-california-backflow","Southern California Backflow","utility","riverside-water","HOLD","Held provider candidate sourced from the provider's own site; Southern California Backflow markets annual testing repair installation and compliance management across the Inland Empire.","","909-723-2478","scbackflowtests@gmail.com","https://www.southerncaliforniabackflow.com/","DIRECT_SITE","Held provider candidate for Inland Empire utility routing centered on Riverside.","2026-04-05"
"blueline-backflow-front-range","BlueLine Backflow Testing LLC","utility","fort-collins-utilities|greeley-water|denver-water|thornton-water|csu-backflow","HOLD","Held provider candidate sourced from the provider's own site; BlueLine markets commercial residential fire irrigation and agricultural backflow work across Northern Colorado and the Front Range.","","970-795-2000","support@bluelinebackflow.com","https://www.bluelinebackflow.com/","DIRECT_SITE","Held provider candidate for Front Range commercial and fire-system routes.","2026-04-05"
"aarons-backflow-central-florida","Aaron's Backflow Services Inc.","utility","orange-county-utilities|ouc-water|seminole-county-water","HOLD","Held provider candidate sourced from the provider's own site; Aaron's markets residential commercial and fireline backflow services and lists OUC and Orange County contracts.","","407-829-7933","office@aaronsbackflow.com","https://aaronsbackflow.com/","DIRECT_SITE","Held provider candidate for the Greater Orlando utility cluster.","2026-04-05"
"backflow-services-inc-central-florida","Backflow Services Inc","utility","orange-county-utilities|ouc-water|seminole-county-water|tampa-water|hillsborough-county-water","HOLD","Held provider candidate sourced from the provider's own site; the company markets central Florida coast-to-coast testing repairs maintenance and utility discounts.","","904-274-2420","service@flbsi.com","https://flbsi.com/","DIRECT_SITE","Held provider candidate spanning Greater Orlando and the Tampa Bay Gulf Coast cluster.","2026-04-05"
"american-allstate-south-florida","American Allstate Backflow Specialists Inc.","utility","miami-dade-wasd|broward-water|fort-lauderdale-water|pbc-water-utilities|west-palm-beach-water","HOLD","Held provider candidate sourced from the provider's own site; American Allstate markets annual testing repairs replacements and anti-theft systems across Miami-Dade Broward and South Palm Beach.","","954-316-8071","americanallstate@bellsouth.net","https://www.americanallstatebackflow.com/","DIRECT_SITE","Held provider candidate for South Florida county and city utility routing.","2026-04-05"
"doctor-backflow-swfl","Doctor Backflow LLC","utility","lee-county-utilities|sarasota-county-utilities","HOLD","Held provider candidate sourced from the provider's own site; Doctor Backflow markets testing maintenance replacement and fireline work across Southwest Florida including Lee County and the City of Sarasota.","","941-499-7332","doctorbackflow@gmail.com","https://backflowlab.com/","DIRECT_SITE","Held provider candidate for Southwest Florida county utility routes.","2026-04-05"
"aa-backflow-orange-county","A-A Backflow Testing & Maintenance","utility","anaheim-water|irwd-backflow","HOLD","Held provider candidate sourced from the provider's own site; A-A Backflow explicitly markets Orange County testing maintenance and installation service and cites Anaheim among its service-area cities.","","800-342-5104","info@aabackflow.com","https://aabackflow.com/orange-county.html","DIRECT_SITE","Held provider candidate for Orange County utility routing and annual testing demand.","2026-04-05"
"county-backflow-socal","County Backflow","utility","san-diego-water|riverside-water|anaheim-water|irwd-backflow|pasadena-water","HOLD","Held provider candidate sourced from the provider's own site; County Backflow markets certified testing repairs installations and compliance filing across San Diego Orange Riverside and Los Angeles counties.","","619-920-7825","","https://countybackflow.com/","DIRECT_SITE","Held provider candidate spanning Southern California utility and county-certified tester routes.","2026-04-05"
"caters-backflow-sacramento","Caters Backflow Services","utility","sacramento-water|sswd-water|roseville-water|modesto-water","HOLD","Held provider candidate sourced from the provider's own site; Caters Backflow markets annual testing repair installation and regulatory reporting across the greater Sacramento area and nearby districts.","","","","https://www.sacbackflow.com/","DIRECT_SITE","Held provider candidate for Sacramento-area annual testing and property-management demand.","2026-04-05"
"colorado-backflow-testers","Backflow Testers LLC","utility","denver-water|aurora-water|englewood-utilities|castle-rock-water","HOLD","Held provider candidate sourced from the provider's own site; Backflow Testers markets testing repairs and residential PVB replacement from an Englewood base for the Denver area.","","720-949-5492","info@coloradobackflow.com","https://www.coloradobackflow.com/","DIRECT_SITE","Held provider candidate for Denver-area testing and repair demand.","2026-04-05"
"backflowtech-colorado","BackflowTech","utility","denver-water|aurora-water|arvada-water|thornton-water|westminster-water","HOLD","Held provider candidate sourced from the provider's own site; BackflowTech markets testing repairs installations notarized air-gap verification and fire-suppression work throughout Colorado from a Lakewood base.","","303-986-4601","service@backflowtech.com","https://backflowtech.com/","DIRECT_SITE","Held provider candidate for the Front Range utility and fire-system cluster.","2026-04-05"
"test-go-south-florida","Test & Go Backflow","utility","miami-dade-wasd|broward-water|fort-lauderdale-water","HOLD","Held provider candidate sourced from the provider's own site; Test & Go markets certified annual testing and water-department certification reports across Miami-Dade and Broward County.","","786-819-4764","","https://www.testandgobackflow.com/","DIRECT_SITE","Held provider candidate for South Florida residential and HOA testing demand.","2026-04-05"
